Abraham,Coolidge,(661) 337-9786,coolidge.abraham@outlook.com,M,25,Via Real,Columbia,West Virginia,59885
Abraham,Coolidge,(273) 424-8041,coolidge.abraham@gmail.com,M,84,Via Real,Little Rock,West Virginia,55326
Theodore,Washington,(115) 288-3678,washington.theodore@yahoo.co.in,F,17,East Main Street,Carson City,Massachusetts,42453
Theodore,Washington,(999) 228-6556,washington.theodore@outlook.com,F,63,East Main Street,Harrisburg,Massachusetts,51123
rant.millard@yahoo.com,F,33,East Calle Primera,Boston,California,16483
Richard,Grant,,grant.richard@hotmail.com,F,37,East Calle Primera,Jackson,California,21885
Bill,Nixon,(624) 578-4987,nixon.bill@yahoo.com,M,28,Cabrillo Highway,Charleston,Michigan,15753
Bill,Nixon,(406) 993-6042,nixon.bill@yahoo.com,F,98,South Highway,Albany,Michigan,92428
Gerald,Hayes,(321) 218-8767,hayes.gerald@yahoo.com,M,39,Cerrillos Road,Jefferson City,Pennsylvania,47741
Gerald,Hayes,(103) 738-7331,hayes.gerald@outlook.com,F,82,Cerrillos Road,Topeka,Pennsylvania,13567
Bill,Johnson,(729) 344-7684,johnson.bill@hotmail.com,F,29,San Luis Obispo North,Santa Fe,Pennsylvania,60051
William,Johnson,(495) 190-9015,johnson.william@yahoo.co.in,F,44,San Luis Obispo North,Lansing,Pennsylvania,77057
Ulysses,Kennedy,,kennedy.ulysses@gmail.com,M,65,Harry S Truman Blvd,Austin,Iowa,95503
Ulysses,Tyler,(503) 492-1351,tyler.ulysses@hotmail.com,F,74,Harry S Truman Blvd,Madison,Iowa,93656
Andrew,Adams,(124) 980-3047,adams.andrew@hotmail.com,F,91,East Main Street,Springfield,Iowa,90049
Ronald,Adams,(754) 394-7306,adams.ronald@yahoo.com,F,91,East Main Street,Boston,Iowa,94170
Millard,Eisenhower,(860) 869-6053,eisenhower.millard@outlook.com,M,80,Greenwood Road,Honolulu,Delaware,89100
Millard,Eisenhower,(856) 101-5517,eisenhower.millard@gmail.com,F,35,Redwood Highway,Augusta,Delaware,46770
Gerald,Carter,(951) 747-3274,carter.gerald@gmail.com,M,78,Carpinteria South,Annapolis,New Jersey,23675
Gerald,Carter,(321) 696-6724,carter.gerald@yahoo.com,F,88,Grandview Drive,Boston,New Jersey,70037
Lyndon,Cleveland,(119) 391-7937,cleveland.lyndon@yahoo.com,F,84,Harry S Truman Blvd,Helena,New Jersey,77829
Lyndon,Cleveland,(651) 205-9642,cleveland.lyndon@outlook.com,M,59,Monroe Street,Helena,New Jersey,52768
Thomas,Tyler,(821) 994-7524,tyler.thomas@yahoo.com,M,48,Cerrillos Road,Lansing,New Jersey,85812
Thomas,Tyler,(383) 784-9248,tyler.thomas@yahoo.co.in,F,24,Pacific Hwy S,Sacramento,New Jersey,85687
Bill,Kennedy,(246) 730-6942,kennedy.bill@outlook.com,M,66,Bowles Avenue,Topeka,New Jersey,25327
Bill,Kennedy,(426) 559-7537,kennedy.bill@yahoo.co.in,M,37,Tanger Blvd,Little Rock,New Jersey,96451
Benjamin,Adams,(379) 356-9639,adams.benjamin@yahoo.com,M,80,San Luis Obispo North,Salem,New Jersey,72480
Bill,Adams,(799) 487-5206,adams.bill@yahoo.co.in,F,73,San Luis Obispo North,Juneau,New Jersey,92397
Dwight,Eisenhower,(990) 150-1344,eisenhower.dwight@outlook.com,M,99,Cabrillo Highway,Jackson,New Jersey,32231
Dwight,Eisenhower,(694) 362-4062,eisenhower.dwight@gmail.com,M,81,North Broadway Street,Charleston,New Jersey,62868
Bill,Buchanan,(239) 514-1385,buchanan.bill@yahoo.com,M,45,Bayshore Freeway,Trenton,New Mexico,63515
Bill,Buchanan,(340) 433-3643,buchanan.bill@hotmail.com,M,91,South Highway,Raleigh,New Mexico,95301
Richard,Eisenhower,(873) 179-5649,eisenhower.richard@hotmail.com,M,56,Santa Monica Road,Olympia,New Mexico,15344
Richard,Eisenhower,(869) 410-7926,eisenhower.richard@hotmail.com,F,23,South Roosevelt Drive,Denver,New Mexico,74544
Thomas,Nixon,,nixon.thomas@yahoo.co.in,F,47,Katella Avenue,Columbus,New Mexico,16974
Thomas,Nixon,(359) 284-7483,nixon.thomas@yahoo.com,M,40,Timberlane Drive,Indianapolis,New Mexico,61912
Chester,Taft,(404) 443-9657,taft.chester@gmail.com,F,45,Bailard Avenue,Columbia,Virginia,44469
Chester,Taft,(671) 252-4469,taft.chester@yahoo.co.in,M,22,Bailard Avenue,Honolulu,Virginia,67043
Chester,Taft,(415) 310-5396,taft.chester@hotmail.com,F,27,E Fowler Avenue,Topeka,Virginia,66618
Dwight,Buchanan,(181) 383-3963,buchanan.dwight@gmail.com,M,97,Cleveland Ave.,Sacramento,Virginia,26405
Dwight,Truman,(120) 181-3094,truman.dwight@gmail.com,F,39,Cleveland Ave.,Sacramento,Virginia,60965
William,Adams,(629) 547-5273,adams.william@hotmail.com,M,84,East Main Street,Salem,Idaho,63503
William,Adams,(355) 713-3307,adams.william@yahoo.co.in,M,66,Tully Road East,Sacramento,Idaho,56879
Ulysses,Eisenhower,(202) 963-2759,eisenhower.ulysses@hotmail.com,F,85,North Atherton Street,Columbia,Maine,93077
Ulysses,Kennedy,(227) 307-3186,kennedy.ulysses@gmail.com,M,41,North Atherton Street,Augusta,Maine,67892
Calvin,Hoover,(841) 821-1267,hoover.calvin@gmail.com,F,86,North Atherton Street,Charleston,Vermont,15211
Calvin,Hoover,(776) 153-5331,hoover.calvin@gmail.com,F,99,North Broadway Street,Lansing,Vermont,16129
Chester,Quincy,(891) 216-6095,quincy.chester@outlook.com,F,44,Corona Del Mar,Salt Lake City,Vermont,24375
Chester,Quincy,(998) 341-4466,quincy.chester@yahoo.com,M,83,San Ysidro Blvd,Salt Lake City,Vermont,17342
Dwight,Clinton,(614) 263-4559,clinton.dwight@hotmail.com,F,85,South Highway,Denver,Tennessee,59528
Dwight,Reagan,(732) 790-8994,reagan.dwight@yahoo.co.in,F,48,South Highway,Denver,Tennessee,25025
George,Coolidge,(884) 610-3502,coolidge.george@outlook.com,F,79,Corona Del Mar,Atlanta,Tennessee,52957
George,Hoover,(762) 503-6215,hoover.george@yahoo.com,M,66,Corona Del Mar,Annapolis,Tennessee,78757
Franklin,Jefferson,(446) 371-4539,jefferson.franklin@yahoo.com,F,72,Santa Rosa South,Boston,Tennessee,96086
Franklin,Madison,(589) 205-2681,madison.franklin@gmail.com,F,84,Santa Rosa South,Nashville,Tennessee,37888
James,Eisenhower,(917) 122-3376,eisenhower.james@yahoo.co.in,M,36,Greenwood Road,Baton Rouge,Tennessee,63122
John,Eisenhower,(560) 818-4045,eisenhower.john@yahoo.co.in,F,55,Jones Road,Baton Rouge,Tennessee,16542
Lyndon,Polk,(627) 199-2674,polk.lyndon@hotmail.com,M,28,Carpinteria Avenue,Trenton,North Carolina,46313
Lyndon,Polk,(360) 714-4600,polk.lyndon@outlook.com,F,41,Moreno Drive,Madison,North Carolina,55144
Martin,Hayes,(988) 577-8542,hayes.martin@yahoo.co.in,M,83,Bowles Avenue,Montpelier,North Carolina,88408
Martin,Hayes,(407) 353-6228,hayes.martin@hotmail.com,M,47,Carpinteria Avenue,Carson City,North Carolina,56905
Franklin,Harrison,(366) 145-2104,harrison.franklin@gmail.com,F,82,French Camp Turnpike Road,Honolulu,North Carolina,90242
Franklin,Harrison,(966) 231-3456,harrison.franklin@gmail.com,F,68,Jones Road,Albany,North Carolina,68651
Harry,Buchanan,(113) 241-9081,buchanan.harry@gmail.com,F,37,Harbor Dr,Pierre,South Carolina,79690
Martin,Buchanan,(929) 946-7322,buchanan.martin@yahoo.co.in,M,31,Harbor Dr,Springfield,South Carolina,73160
Dwight,Johnson,(244) 428-1114,johnson.dwight@hotmail.com,M,40,Milpas Street,Olympia,South Carolina,56759
Dwight,Johnson,(400) 454-4167,johnson.dwight@yahoo.co.in,M,69,San Marcos,Lincoln,South Carolina,79542
Bill,Tyler,(866) 294-6308,tyler.bill@gmail.com,F,19,South Highway,Boise,South Carolina,42581
Bill,Tyler,,tyler.bill@outlook.com,F,57,Timberlane Drive,Topeka,South Carolina,99871
Harry,Quincy,(664) 289-4380,quincy.harry@yahoo.com,F,59,San Marcos,Salem,South Carolina,74439
Harry,Quincy,(900) 610-7546,quincy.harry@hotmail.com,F,55,Santa Ana Freeway,Topeka,South Carolina,71338
Ronald,Roosevelt,(585) 239-9532,roosevelt.ronald@yahoo.com,M,57,Erringer Road,Helena,Nebraska,89612
Ronald,Roosevelt,(854) 925-4761,roosevelt.ronald@outlook.com,F,75,Greenwood Road,Carson City,Nebraska,88618
Gerald,Adams,(416) 903-6653,adams.gerald@hotmail.com,F,75,Carpinteria North,Salt Lake City,West Virginia,61543
Ronald,Adams,(342) 649-4767,adams.ronald@gmail.com,F,54,Jones Road,Salt Lake City,West Virginia,82083
Herbert,Roosevelt,(544) 101-4211,roosevelt.herbert@yahoo.co.in,M,98,Carpinteria South,Richmond,West Virginia,26909
Herbert,Roosevelt,(119) 810-4791,roosevelt.herbert@gmail.com,M,54,Fontaine Road,Santa Fe,West Virginia,71226
Martin,Adams,,adams.martin@gmail.com,M,23,Richmond Hill,Frankfort,West Virginia,95774
Martin,Adams,(137) 680-3082,adams.martin@hotmail.com,M,26,Santa Monica Road,Richmond,West Virginia,28410
Woodrow,Adams,(636) 774-3711,adams.woodrow@gmail.com,F,83,Carpinteria North,Springfield,Missouri,97576
Woodrow,Adams,(879) 909-8665,adams.woodrow@yahoo.co.in,M,25,San Luis Obispo North,Atlanta,Missouri,94539
Martin,Clinton,(783) 771-3644,clinton.martin@yahoo.co.in,F,55,El Camino Real,Montpelier,Missouri,52662
Martin,Eisenhower,(110) 717-3221,eisenhower.martin@gmail.com,M,96,El Camino Real,Atlanta,Missouri,94568
Harry,Harrison,(844) 840-7848,harrison.harry@yahoo.com,M,38,Richmond Hill,Denver,Missouri,44039
Harry,Hayes,,hayes.harry@yahoo.com,F,20,Richmond Hill,Indianapolis,Missouri,79967
Bill,Adams,(468) 641-8578,adams.bill@gmail.com,M,80,East 1st Street,Frankfort,Nevada,24081
Bill,Adams,(402) 517-5799,adams.bill@yahoo.co.in,M,75,San Diego Freeway,Frankfort,Nevada,15075
Thomas,Nixon,(663) 641-2665,nixon.thomas@yahoo.com,F,38,Bailard Avenue,Hartford,New York,97161
Thomas,Nixon,(113) 719-9775,nixon.thomas@hotmail.com,M,88,Tully Road East,Sacramento,New York,99362
James,Johnson,(919) 749-4367,johnson.james@hotmail.com,F,83,North Preisker Lane,Tallahassee,New York,15616
James,Van Buren,(223) 319-9354,vanburen.james@yahoo.com,M,93,North Preisker Lane,Denver,New York,83033
James,Hayes,(287) 882-8257,hayes.james@gmail.com,F,48,Westside Freeway,Boston,New York,33316
James,Hayes,(501) 505-5648,hayes.james@yahoo.co.in,M,47,Woodson Rd.,Jackson,New York,65782
Bill,Cleveland,(453) 955-9639,cleveland.bill@yahoo.co.in,F,99,Santa Monica Road,Columbia,Kentucky,84268
Bill,Truman,(978) 644-5658,truman.bill@yahoo.co.in,M,78,Santa Monica Road,Olympia,Kentucky,45398
Bill,Harding,(660) 533-8553,harding.bill@hotmail.com,F,20,Tanger Blvd,Annapolis,South Dakota,63823
Bill,Harrison,(316) 611-2426,harrison.bill@gmail.com,F,98,Katella Avenue,Annapolis,South Dakota,90502
Woodrow,Jackson,(103) 157-3300,jackson.woodrow@hotmail.com,F,73,Santa Monica Road,Cheyenne,South Dakota,78881
Woodrow,Taft,(365) 996-4082,taft.woodrow@yahoo.co.in,M,55,Santa Monica Road,Boston,South Dakota,13911
Rutherford,Johnson,(899) 584-7604,johnson.rutherford@hotmail.com,M,73,San Simeon,Juneau,South Dakota,35255
Rutherford,Johnson,(505) 401-9957,johnson.rutherford@gmail.com,M,24,South Highway,Saint Paul,South Dakota,46429
Bill,Buchanan,(113) 977-9051,buchanan.bill@hotmail.com,F,32,San Marcos,Phoenix,South Dakota,37240
Bill,Buchanan,(816) 396-3405,buchanan.bill@hotmail.com,M,70,Woodson Rd.,Jackson,South Dakota,70918
Ronald,Tyler,(303) 388-6025,tyler.ronald@outlook.com,M,74,San Simeon,Cheyenne,Florida,17509
Ronald,Tyler,(287) 508-8878,tyler.ronald@outlook.com,M,64,Tanger Blvd,Cheyenne,Florida,18318
Millard,Truman,(523) 722-5922,truman.millard@yahoo.com,M,75,East 1st Street,Helena,Florida,55773
Millard,Truman,,truman.millard@yahoo.co.in,M,62,East Calle Primera,Helena,Florida,19095
William,Washington,(155) 852-9574,washington.william@yahoo.com,F,20,Cleveland Ave.,Frankfort,Florida,94905
William,Wilson,,wilson.william@hotmail.com,M,85,Cleveland Ave.,Topeka,Florida,19346
Theodore,Roosevelt,(220) 820-5093,roosevelt.theodore@gmail.com,M,97,Castillo Drive,Cheyenne,New Hampshire,16059
Theodore,Roosevelt,(248) 729-2101,roosevelt.theodore@hotmail.com,M,66,Cerrillos Road,Annapolis,New Hampshire,49132
Warren,Kennedy,(662) 240-3285,kennedy.warren@yahoo.com,F,54,Lindbergh Blvd,Boise,New Hampshire,98830
Warren,Kennedy,(947) 948-8907,kennedy.warren@gmail.com,F,69,N Kentwood,Atlanta,New Hampshire,13756
John,McKinley,(110) 152-7025,mckinley.john@yahoo.com,F,77,Moreno Drive,Phoenix,New Hampshire,55439
John,McKinley,(161) 314-5677,mckinley.john@outlook.com,F,98,Newbury Road,Lincoln,New Hampshire,42897
James,Carter,(102) 923-6910,carter.james@yahoo.com,F,75,San Luis Obispo North,Boise,New Hampshire,67669
James,Ford,(877) 107-5183,ford.james@yahoo.com,F,98,San Luis Obispo North,Providence,New Hampshire,29602
Richard,Harrison,(931) 747-3013,harrison.richard@yahoo.com,F,23,Grandview Drive,Boise,New Hampshire,86973
Richard,Van Buren,(706) 779-5912,vanburen.richard@outlook.com,M,80,Grandview Drive,Trenton,New Hampshire,62033
Dwight,Harrison,(934) 623-4101,harrison.dwight@yahoo.co.in,F,85,Hutchinson Rd,Carson City,Texas,19015
Dwight,Harrison,(387) 881-5644,harrison.dwight@gmail.com,F,52,Jones Road,Salt Lake City,Texas,61472
Richard,Adams,(727) 784-4200,adams.richard@yahoo.co.in,F,40,San Luis Obispo North,Augusta,Illinois,40290
Richard,Harrison,(481) 675-2566,harrison.richard@hotmail.com,F,71,San Luis Obispo North,Tallahassee,Illinois,58282
Thomas,Adams,(950) 196-3538,adams.thomas@gmail.com,F,27,Corona Del Mar,Raleigh,Illinois,64126
Thomas,Madison,(581) 711-5720,madison.thomas@hotmail.com,M,17,Corona Del Mar,Columbus,Illinois,38041
Calvin,Hayes,(612) 277-1473,hayes.calvin@outlook.com,M,18,Castillo Drive,Pierre,Illinois,77497
Calvin,Hayes,,hayes.calvin@gmail.com,F,38,South Roosevelt Drive,Concord,Illinois,45195
Theodore,Roosevelt,(392) 851-8131,roosevelt.theodore@yahoo.co.in,F,78,Bailard Avenue,Boise,Georgia,34900
Theodore,Roosevelt,(790) 126-3377,roosevelt.theodore@yahoo.co.in,F,83,E Fowler Avenue,Atlanta,Georgia,20722
Richard,Carter,(363) 871-6841,carter.richard@yahoo.com,F,36,Santa Rosa North,Albany,Georgia,44847
Richard,Grant,(540) 735-6901,grant.richard@yahoo.co.in,F,73,Santa Rosa North,Hartford,Georgia,33953
Rutherford,Adams,(503) 936-8643,adams.rutherford@yahoo.com,F,29,San Luis Obispo North,Cheyenne,Ohio,68798
Theodore,Adams,(536) 337-5205,adams.theodore@yahoo.com,M,90,San Luis Obispo North,Helena,Ohio,40618
Theodore,Pierce,(242) 510-6521,pierce.theodore@yahoo.co.in,M,75,Cerrillos Road,Atlanta,Ohio,76789
Theodore,Pierce,(513) 538-6638,pierce.theodore@yahoo.com,F,39,Erringer Road,Jackson,Ohio,88548
Richard,Reagan,(859) 158-2557,reagan.richard@gmail.com,F,100,San Marcos,Frankfort,Ohio,25244
Ronald,Reagan,(707) 664-5864,reagan.ronald@yahoo.com,F,52,San Marcos,Madison,Ohio,81047
George,Harrison,,harrison.george@hotmail.com,F,36,Hutchinson Rd,Sacramento,Oklahoma,86718
Grover,Harrison,(896) 321-4844,harrison.grover@outlook.com,M,87,Hutchinson Rd,Nashville,Oklahoma,74030
Calvin,Ford,(781) 431-7642,ford.calvin@hotmail.com,M,80,Richmond Hill,Atlanta,Oregon,70107
Franklin,Ford,(733) 535-1158,ford.franklin@gmail.com,F,30,Richmond Hill,Providence,Oregon,62305
Chester,Harding,(362) 410-6598,harding.chester@outlook.com,M,56,Harry S Truman Blvd,Nashville,Utah,63379
Chester,Jackson,(619) 708-7372,jackson.chester@hotmail.com,F,40,Harry S Truman Blvd,Frankfort,Utah,79069
James,Harding,(973) 225-4895,harding.james@outlook.com,F,68,San Marcos,Indianapolis,Utah,48479
James,Madison,(343) 178-2719,madison.james@yahoo.com,F,74,San Marcos,Concord,Utah,30006
Martin,Hoover,,hoover.martin@yahoo.co.in,F,39,San Ysidro Blvd,Topeka,Utah,88216
Martin,Roosevelt,(251) 876-5138,roosevelt.martin@yahoo.co.in,F,46,San Ysidro Blvd,Frankfort,Utah,42844
James,Pierce,(136) 236-6537,pierce.james@yahoo.co.in,M,50,South Roosevelt Drive,Richmond,Arkansas,18914
Martin,Pierce,(391) 560-1733,pierce.martin@yahoo.com,M,44,South Roosevelt Drive,Jackson,Arkansas,18264
Benjamin,Jefferson,(847) 888-4830,jefferson.benjamin@yahoo.co.in,M,87,South Highway,Nashville,Arkansas,19012
Benjamin,Reagan,(485) 795-9579,reagan.benjamin@yahoo.com,M,28,South Highway,Nashville,Arkansas,32594
Chester,Garfield,(168) 121-1708,garfield.chester@gmail.com,M,25,Jones Road,Nashville,Alaska,81624
Herbert,Garfield,(892) 642-5037,garfield.herbert@hotmail.com,F,82,Jones Road,Harrisburg,Alaska,85472
Dwight,Kennedy,(727) 169-6547,kennedy.dwight@outlook.com,F,55,E Fowler Avenue,Richmond,Alaska,42192
Dwight,Kennedy,(725) 222-9264,kennedy.dwight@outlook.com,F,92,Richmond Hill,Concord,Alaska,56427
Andrew,Buchanan,(410) 439-6673,buchanan.andrew@hotmail.com,F,93,Santa Rosa South,Boston,North Dakota,94955
Andrew,Buchanan,(808) 312-5016,buchanan.andrew@gmail.com,M,61,Woodson Rd.,Lansing,North Dakota,61201
Benjamin,Eisenhower,(405) 147-6598,eisenhower.benjamin@hotmail.com,F,94,S Rustle St,Trenton,North Dakota,85704
Benjamin,Eisenhower,(375) 722-1195,eisenhower.benjamin@outlook.com,F,18,W. Russell St.,Phoenix,North Dakota,31314
Benjamin,Johnson,(291) 579-3105,johnson.benjamin@outlook.com,M,69,Jones Road,Cheyenne,North Dakota,39190
Benjamin,Johnson,(477) 112-6885,johnson.benjamin@yahoo.co.in,M,63,Santa Rosa South,Indianapolis,North Dakota,82864
Woodrow,Adams,(600) 935-1618,adams.woodrow@hotmail.com,F,78,Bowles Avenue,Boston,North Dakota,15246
Woodrow,Adams,(236) 716-4464,adams.woodrow@outlook.com,M,59,Westside Freeway,Olympia,North Dakota,62181
